EventId,EventTemplate,Occurrences
3aa50e45,instruction cache parity error corrected,105924
4cecb415,MidplaneSwitchController performing bit sparing on <*> bit <*>,964
fc5f0940,generating core.<*>,1706751
1840cbfe,"<*> ddr errors(s) detected and corrected on rank <*>, symbol <*>, bit <*>",33939
828a502b,<*> <*> <*> error(s) (dcr <*>) detected and corrected,5040
65f23e3e,"CE sym <*>, at <*>, mask <*>",201206
147cfcff,total of <*> ddr error(s) detected and corrected,28485
ba77ab8e,ddr: activating redundant bit steering: rank=<*> symbol=<*>,1314
6ede2c6c,"ddr: excessive soft failures, consider replacing the card",41
57138c88,"ciod: Error loading <*> invalid or missing program image, No such file or directory",46416
6265c739,<*> double-hummer alignment exceptions,295764
c3c18d52,<*> tree receiver <*> in re-synch state event(s) (dcr <*>) detected,7847
8f1e5db5,idoproxydb has been started: $Name: <*> $ Input parameters: -enableflush -loguserinfo db.properties BlueGene1,114
6b31e08c,ciodb has been restarted.,129
1e85eb57,mmcs_db_server has been started: <*> --useDatabase BGL --dbproperties <*> --iolog /bgl/BlueLight/logs/BGL --reconnect-blocks all,63
4983ff07,ciod: LOGIN <*> failed: No such file or directory,43647
0afd14b8,ciod: failed to read message prefix on control stream (CioStream socket to <*>.<*>.<*>.<*>:<*>,5983
38a7307d,data TLB error interrupt,152734
a31b789f,instruction address: <*>,51227
ce2b6cdc,machine check <*>,6755
a111fe6f,machine check status register: <*>,246
0b5734c3,summary...........................<*>,244
2ade14bf,instruction plb error.............<*>,298
1f5adb7d,data <*> plb <*>,593
ad738237,tlb error.........................<*>,296
86c84cbc,i-cache parity error..............<*>,296
b15df703,d-cache <*> parity <*>,588
8f4acfdd,imprecise machine check...........<*>,289
8d23c697,machine state register: <*>,8454
493f6190,wait state enable.................<*>,6745
fb1560b4,critical input interrupt enable...<*>,6559
a9208363,external input interrupt enable...<*>,6556
618cefb8,"problem state (<*>=sup,<*>=usr).......<*>",6546
1bff92a7,floating point <*> <*>,6544
f4a80ec4,floating pt ex mode <*> enable......<*>,13044
3a77b37e,debug wait enable.................<*>,6524
4aa10e18,debug interrupt enable............<*>,6521
0b246110,instruction address space.........<*>,6506
02430fd4,data address space................<*>,6503
06072e40,core configuration register: <*>,6431
c5b54ac5,disable store gathering..................<*>,6495
0328c31b,disable apu instruction broadcast........<*>,2396
ab6d0287,disable trace broadcast..................<*>,2393
55addd29,guaranteed <*> cache block <*>,4779
cf145002,force load/store alignment...............<*>,2389
3777cdd1,icache prefetch <*>,4777
045f554d,general purpose registers:,2318
0ce98313,<*> <*> <*> <*>,21404
f7c382bd,special purpose registers:,2316
220716fc,rts panic! - stopping execution,3983
c70dad25,<*> torus receiver <*> input pipe error(s) (dcr <*>) detected and corrected,10487
22550c73,data address: <*>,14499
af999985,rts internal error,2187
e872bbe9,ciod: Message code <*> is not <*> or <*>,2278
2355b700,ciod: pollControlDescriptors: Detected the debugger died.,6443
e4d1b432,"ciod: for node <*>, read continuation request but ioState is <*>",395
9c0ffa0d,ciod: cpu <*> at treeaddr <*> sent unrecognized message <*>,2569
c166c72f,machine check interrupt (bit=<*>): L2 dcache unit data parity error,49
083912c3,ciod: LOGIN <*> failed: <*> <*>,1288
a7aa6a31,machine check interrupt (bit=<*>): <*> <*> <*> <*>,62
1bc8b844,L3 <*> control register: <*>,96
243d8ef7,start <*>,192
859384d4,disable speculative access...............<*>,48
0af83d09,close EDRAM pages as soon as possible....<*>,48
c050ba70,size of scratchpad portion of L3.........<*> (0M),48
2d40a57d,disable all access to cache directory....<*>,48
d39f7ed9,write buffer commit threshold............<*>,48
e84799b0,size of DDR we are caching...............<*> (512M),48
13b72099,prefetch depth for <*> <*>,144
f4c653a2,max number of outstanding prefetches.....<*>,48
30442b65,turn on hidden refreshes.................<*>,48
39352bbd,disable write lines <*>:<*>..................<*>,48
f0bd9bfb,capture first <*> <*> error address..<*>,283
f0c5d0b0,disable flagging of DDR UE's as major internal error.<*>,47
b87b2484,L3 ecc status register: <*>,47
9ab61bb7,correctable error detected in directory <*>......<*>,94
6add574a,uncorrectable error detected in <*> <*>,141
016fa890,correctable error detected in EDRAM bank <*>.....<*>,94
efc6eac7,uncorrectable error detected in EDRAM bank <*>...<*>,94
b265915b,parity error in <*> <*>,141
cb5b50aa,parity error in read queue <*>,141
8e3bdf35,number of correctable errors detected in L3 <*>,94
a6810873,interrupt threshold...<*>,94
a7630d11,number of lines with parity errors written to L3 EDRAMs...<*>,47
79913dac,DDR machine check register: <*> <*>,47
646a2086,memory and bus summary...........................<*>,47
856dcf68,command manager unit summary.....................<*>,47
e0d805d0,memory manager <*> <*>,188
460bff54,memory manager address parity error..............<*>,47
05d14ace,memory manager <*>,94
5a2c6163,memory manager <*> buffer <*>,94
7c4ebdfa,memory manager refresh counter timeout...........<*>,47
2dd1b293,state machine....................................<*>,47
58a54357,memory manager / command manager address parity..<*>,47
0256fb0b,regctl scancom interface.........................<*>,47
5827d3bf,DDR failing info register: <*>,18
d81b36a7,capture valid.........<*>,47
fac52822,symbol................<*>,47
49a593e5,mask..................<*>,47
36921b9f,miscompare............<*>,47
acc970d2,uncorrectable error...<*>,47
c24de833,address parity error..<*>,47
2bfcdc54,correctable error.....<*>,47
d447db0e,qw trapped............<*>,47
80bac4a3,chip select...........<*>,47
9e0ff38f,DDR failing data registers: <*> <*>,47
dede275d,<*> <*>,141
7785de1a,DDR failing address register: <*> <*>,47
5af1f896,"PrepareForService is being done on this <*> <*> <*> mIp(<*>.<*>.<*>.<*>), mType(<*>)) by root",5
e93995e9,"PrepareForService shutting down <*> <*> <*> mIp(<*>.<*>.<*>.<*>), mType(<*>)) as part of Service Action <*>",2316
cc5f7485,EndServiceAction is restarting the <*> in midplane <*> as part of Service Action <*>,537
928b0f63,EndServiceAction <*> performed upon <*> by <*>,233
a2335b6b,Node card is not fully functional,17364
9d5d6232,Can not get assembly information for node card,17305
abb57bda,Node card status: no ALERTs are active. Clock Mode is Low. Clock Select is Midplane. Phy JTAG Reset is asserted. ASIC JTAG Reset is <*> <*> <*> <*> <*> <*> <*> <*> <*> <*> <*> <*> <*> <*> <*> <*> <*> <*> <*> <*> <*> <*> <*> <*> <*> <*> <*> OK. MPGOOD ERROR LATCH IS ACTIVE. The <*>.<*> volt rail is OK. The <*>.<*> volt rail is OK.,16897
19083ffd,Node card VPD check: <*> node in processor card slot <*> do not match. VPD ecid <*> found <*>,21356
0509d32d,ciod: sendMsgToDebugger: error sending PROGRAM_EXITED message to debugger.,3
eb3b19f3,<*> torus <*> <*> <*> error(s) (dcr <*>) detected and corrected,1217
176a1b3b,<*> correctable errors exceeds threshold (iar <*> lr <*>),26
3fba9c93,Starting SystemController,71
210ec1b1,Controlling BG/L rows [ <*> <*> <*> <*> ],20
582df684,Running as background command,70
d2c9db9b,data storage interrupt,63493
cce08081,exception syndrome register: <*>,18013
614cf99e,machine check: i-fetch......................<*>,18017
cc8ff6de,program interrupt: <*> <*>,57874
89854e51,floating point operation....................<*>,9824
abff2903,store operation.............................<*>,9824
9851467f,data store interrupt caused by <*>,19646
b48b277c,auxiliary processor.........................<*>,8419
d8f41a22,byte ordering exception.....................<*>,8102
87710483,program interrupt: fp cr update.............<*>,8102
41c5149c,program interrupt: fp cr field .............<*>,8102
04639923,external input interrupt (unit=<*> bit=<*>): torus sender <*> retransmission error was corrected,1322
abcf3716,external input interrupt (unit=<*> bit=<*>): number of corrected SRAM errors has exceeded threshold,39
ea3efa0b,suppressing further interrupts of same type,7694
4c23f81b,Ido chip status changed: <*> ip=<*>.<*>.<*>.<*> v=<*> t=<*> status=M <*> <*> <*> <*>:<*>:<*> <*> <*>,11904
e7327c31,BGLMaster has been started: ./BGLMaster --consoleip <*>.<*>.<*>.<*> --consoleport <*> --configfile bglmaster.init,6
d47bad05,BglIdoChip table has <*> IDOs with the same IP address (<*>.<*>.<*>.<*>),9
8f6be61e,<*> IpAddress(<*>.<*>.<*>.<*>) Status(A),64
cdecee1e,"While initializing <*> card iDo machine with LP of <*> caught java.io.IOException: Could not contact iDo with <*> and IP=/<*>.<*>.<*>.<*> because java.lang.RuntimeException: Communication error: (DirectIDo for Uninitialized DirectIDo for <*> is in state = COMMUNICATION_ERROR, sequenceNumberIsOk = false, ExpectedSequenceNumber = <*>, Reply Sequence Number = -<*>, timedOut = true, retries = <*>, timeout = <*>, Expected Op Command = <*>, Actual Op Reply = -<*>, Expected Sync Command = <*>, Actual Sync Reply = -<*>)",518
a7e126df,NodeCard VPD is corrupt,10
01c4e373,"While initializing node card, ido with LP of <*> caught java.lang.IllegalStateException: IDo is not in functional state -- currently in state COMMUNICATION_ERROR",9
49c3c8c1,ciod: Unexpected eof at line <*> of node map file <*>,328
4496b375,ciod: Error creating node map from file <*> <*> <*> <*>,5464
4965e9ad,"ddr: Unable to steer rank=<*>, symbol=<*> - rank is already steering symbol <*>. Due to multiple symbols being over the correctable e",22
fe297487,"rror threshold, consider replacing the card",22
6eac71e0,"ddr: Unable to steer rank=<*>, symbol=<*> - rank is already steering symbol <*>. Due to multiple symbols being over the <*>",24
48f86eb6,"error threshold, consider replacing the card",23
6ef6b4d5,"PrepareForService is being done on this part <*> <*> <*> mIp(<*>.<*>.<*>.<*>), mType(<*>)) by <*>",131
a1da6209,"ciod: Error loading <*> program image too big, <*> > <*>",1512
40645e82,critical input interrupt (unit=<*> bit=<*>): warning for <*> <*> wire,7682
2d239257,job <*> timed out. Block freed.,306
0d02c0e2,program interrupt,3667
76bbac67,ciod: <*> coordinate <*> exceeds physical dimension <*> at line <*> of node map file <*>,3512
1ae4a1e2,<*> floating point alignment exceptions,267725
557f3dc3,"Problem communicating with <*> <*> iDo machine with LP of <*> caught java.lang.IllegalStateException: while executing <*> Operation caught java.lang.RuntimeException: Communication error: (DirectIDo for com.ibm.ido.DirectIDo object <*> with image version <*> and card type <*>] is in state = COMMUNICATION_ERROR, sequenceNumberIsOk = false, ExpectedSequenceNumber = <*>, Reply Sequence Number = -<*>, timedOut = true, retries = <*>, timeout = <*>, Expected Op Command = <*>, Actual Op Reply = -<*>, Expected Sync Command = <*>, Actual Sync Reply = -<*>)",21
1780b993,"While initializing node card, ido with LP of <*> caught java.lang.IllegalStateException: while executing <*> Operation caught java.lang.RuntimeException: Communication error: (DirectIDo for com.ibm.ido.DirectIDo object <*> with image version <*> and card type <*>] is in state = COMMUNICATION_ERROR, sequenceNumberIsOk = false, ExpectedSequenceNumber = <*>, Reply Sequence Number = -<*>, timedOut = true, retries = <*>, timeout = <*>, Expected Op Command = <*>, Actual Op Reply = -<*>, Expected Sync Command = <*>, Actual Sync Reply = -<*>)",10
309147d2,Node card status: no ALERTs are active. Clock Mode is Low. Clock Select is Midplane. Phy JTAG Reset is asserted. ASIC JTAG Reset is asserted. Temperature Mask is not active. No temperature error. Temperature Limit Error Latch is clear. PGOOD IS NOT ASSERTED. PGOOD ERROR LATCH IS ACTIVE. MPGOOD IS NOT OK. MPGOOD ERROR LATCH IS ACTIVE. THE <*>.<*> VOLT RAIL IS NOT OK. THE <*>.<*> VOLT RAIL IS NOT OK.,116
e5cc5e88,NodeCard temperature sensor chip <*> is not accessible,5
f4d349ec,NodeCard power module <*> is not accessible,230
24866a12,NodeCard VPD chip is not accessible,1
a9c98560,"While initializing node card, ido with LP of FF:F2:9F:<*>:E6:<*>:<*>:0D:<*>:E9:<*>:<*> caught java.lang.NullPointerException",1
bc68dc47,"Node card status: ALERT <*>, ALERT <*>, ALERT <*>, ALERT <*> is (are) active. Clock Mode is Low. Clock Select is Midplane. Phy JTAG Reset is asserted. ASIC JTAG Reset is not asserted. TEMPERATURE MASK IS ACTIVE. No temperature error. Temperature Limit Error Latch is clear. PGOOD is asserted. PGOOD error latch is clear. MPGOOD is OK. MPGOOD error latch is clear. The <*>.<*> volt rail is OK. The <*>.<*> volt rail is OK.",1
6c7d9b05,Target=ido://FF:F2:9F:<*>:E6:<*>:<*>:0D:<*>:E9:<*>:<*>/JTAG/<*> Message=Pll failed to lock,3
de284825,<*> Message=ScomError,3
8a1ae52c,<*> Message=Invalid JtagId = ffffffff,63
60cb16ec,MailboxMonitor::serviceMailboxes() lib_ido_error: -<*> socket closed,168
af5fb8ee,mmcs_server exited normally with exit code <*>,9
0d84da9d,MidplaneSwitchController::sendTrain() port disconnected: R07-M1-L1-U19-E,24
aa90fcea,Node card status: no ALERTs are active. Clock Mode is Low. Clock Select is Midplane. Phy JTAG Reset is asserted. ASIC JTAG Reset is asserted. Temperature Mask is not active. No temperature error. Temperature Limit Error Latch is clear. PGOOD IS NOT ASSERTED. PGOOD ERROR LATCH IS ACTIVE. MPGOOD is OK. MPGOOD ERROR LATCH IS ACTIVE. The <*>.<*> volt rail is OK. The <*>.<*> volt rail is OK.,49
b054e294,"e error threshold, consider replacing the card",1
686339fb,ciod: Error opening node map file <*> No such file or directory,1936
a828f891,shutdown complete,99
a36d93b2,PrepareForService is being done on this Midplane <*> <*> <*> by <*>,249
ecb650b9,PrepareForService is being done on this rack <*> by <*>,30
c0fe9fb6,LinkCard power module U58 is not accessible,319
12c46e92,NodeCard is not fully functional,60
9857ec69,LinkCard is not fully functional,248
f48d0e50,this link card is not fully functional,22
57ba34dc,no ethernet link,14
cd6f9798,"rts: kernel terminated for reason <*> bad message header: <*> <*> <*> type=<*>, cpu=<*>, index=<*>, <*>",1389
eb8293fb,ciod: In packet from node <*>.<*> <*> message code <*> is not <*> or <*> <*> <*> <*> <*>),176
c1646a49,ciod: Missing or invalid fields on line <*> of node map file <*>,2048
05f7a599,Power deactivated: <*>,192
63669919,"Problem reading the ethernet arl entries fro the service card: java.lang.IllegalStateException: while executing I2C Operation caught java.lang.RuntimeException: Communication error: (DirectIDo for com.ibm.ido.DirectIDo object <*> with image version <*> and card type <*>] is in state = COMMUNICATION_ERROR, sequenceNumberIsOk = false, ExpectedSequenceNumber = <*>, Reply Sequence Number = <*> timedOut = true, retries = <*>, timeout = <*>, Expected Op Command = <*>, Actual Op Reply = <*> Expected Sync Command = <*>, Actual Sync Reply = <*>",4
62e78bca,parity error.......<*>,1
e67d924b,machine state register:,1
4531fae3,machine state register: machine state register: machine state register: machine state register: machine state register: machine,5
40393eca,state register: machine state register: machine state register: machine state register: machine state register: machine state re,5
7db9f871,gister: machine state register: machine state register: machine state register: machine state register: machine state register:,5
d6ed66c7,New ido chip inserted into the database: <*> ip=<*>.<*>.<*>.<*> v=<*> t=<*>,3455
1e904a09,"rts: kernel terminated for reason 1001rts: bad message header: invalid cpu, type=<*>, cpu=<*>, index=<*>, total=<*>",3334
4d4dd8d4,"rts: kernel terminated for reason 1002rts: bad message header: too many packets, type=<*>, cpu=<*>, index=<*>, total=<*>, <*>",28
eab8a828,max=<*>,130
ff52c40c,<*>,3032
d363e7f3,MidplaneSwitchController::parityAlignment() pap failed: <*> <*> <*>,14
d0217b34,ciod: duplicate canonical-rank <*> to logical-rank <*> mapping at line <*> of node map file /p/gb2/pakin1/sweep3d-5x5x400-10mk-3mmi-1024pes-sweep/sweep.map,512
0fae9ddc,ciod: Error creating node map from file <*> <*> <*> <*> <*>,520
43c91fa2,ciod: Error creating node map from file <*> <*> <*>,2328
a187e14c,"<*>, max=<*>",103
89c713e5,external input interrupt (unit=<*> bit=<*>): uncorrectable torus error,10
259ee9a0,Torus non-recoverable error DCRs follow.,10
490afbb2,DCR <*> : <*>,130
2cb01286,ax=<*>,13
17811ebc,MailboxMonitor::serviceMailboxes() lib_ido_error: -<*> unexpected socket error: Broken pipe,1
58fb776a,mmcs_server exited abnormally due to signal: Aborted,11
665ebbac,"ciod: Error loading <*> invalid or missing program image, <*> <*> <*>",22040
710a35c8,", max=<*>",13
8bee262c,x=<*>,2
8de374c6,"ciod: Error loading ../homme/build.Linux/preqx -n <*>: invalid or missing program image, No such file or directory",64
0dedaecb,ciodb exited normally with exit code <*>,2
906b7730,Ido packet timeout,4276
727b5798,MailboxMonitor::serviceMailboxes() lib_ido_error: -<*> BGLERR_IDO_PKT_TIMEOUT connection lost to node/link/service card,14
f4bea115,ciod: Error reading message prefix after <*> on CioStream socket to <*>.<*>.<*>.<*>:<*>: <*> <*> <*> <*>,23219
b96151ec,mmcs_server exited abnormally due to signal: Segmentation fault,3
e5c1b0c2,monitor caught java.lang.UnsupportedOperationException: power module <*> not present and is stopping,2
e50b0505,While inserting monitor info into DB caught java.lang.NullPointerException,2
2a8305ff,"Node card VPD check: missing <*> node, VPD ecid <*> in processor card slot <*>",887
76b7594c,DeclareServiceNetworkCharacteristics has been run but the DB is not empty,1
50deed5a,DeclareServiceNetworkCharacteristics has been run with the force option but the DB is not empty,1
0ad3e4ad,Added <*> subnets and <*> addresses to DB,1
111164dc,Controlling BG/L rows [ <*> <*> <*> <*> <*> <*> <*> <*> ],50
0ce629c9,"Problem communicating with service card, ido chip: <*>:<*>:<*>. java.lang.IllegalStateException: IDo is not in functional state -- currently in state COMMUNICATION_ERROR",6
ce9c454a,"While initializing service card iDo with LP of <*> caught java.io.IOException: Could not contact iDo with <*> and IP=/<*>.<*>.<*>.<*> because java.lang.RuntimeException: Communication error: (DirectIDo for Uninitialized DirectIDo for <*> is in state = COMMUNICATION_ERROR, sequenceNumberIsOk = false, ExpectedSequenceNumber = <*>, Reply Sequence Number = -<*>, timedOut = true, retries = <*>, timeout = <*>, Expected Op Command = <*>, Actual Op Reply = -<*>, Expected Sync Command = <*>, Actual Sync Reply = -<*>)",197
77980ae7,"Expected <*> active FanModules, but found <*> ( Found J300 J301 J302 J303 J304 <*> <*> <*> <*> ).",11
5949c132,BGLMaster has been started: ./BGLMaster --consoleip <*>.<*>.<*>.<*> --consoleport <*> --configfile bglmaster.init --autorestart y,59
1b1e1a92,Found invalid node ecid in processor card slot <*> ecid <*>,5558
cf66561e,"Node card status: ALERT <*>, ALERT <*>, ALERT <*>, ALERT <*> is (are) active. Clock Mode is Low. Clock Select is Midplane. Phy JTAG Reset is asserted. ASIC JTAG Reset is not asserted. Temperature Mask is not active. No temperature error. Temperature Limit Error Latch is clear. PGOOD is asserted. PGOOD error latch is clear. MPGOOD is OK. MPGOOD error latch is clear. The <*>.<*> volt rail is OK. The <*>.<*> volt rail is OK.",171
da764dff,idoproxy exited normally with exit code <*>,1
0e8824cf,"Problem communicating with service card, ido chip: <*>:<*>:<*>. java.io.IOException: Could not find EthernetSwitch on port:address <*>:<*>",166
dc32f7bf,Bad cable going into LinkCard <*> Jtag (<*>) Port <*> - <*> bad wires,232
42479f60,Missing reverse cable: Cable <*> <*> F <*> --> <*> <*> C <*> is present BUT the reverse cable <*> <*> F <*> --> <*> <*> C <*> is missing,354
e87321dc,Error: unable to mount filesystem,720
4f1ef491,Lustre mount FAILED : <*> : block_id : location,5105
5faacb90,idoproxydb hit ASSERT condition: ASSERT <*> Source <*> Source line=<*> Function=int <*> <*>,84250
cb1ddf2b,"Target=ido://FF:F2:9F:<*>:E6:<*>:<*>:0D:<*>:E9:<*>:FB/JTAG/<*> Message=JtagId All all zeros, power good may be low",4
04f5a2ae,Microloader Assertion,1504
6bb8fb41,VALIDATE_LOAD_IMAGE_CRC_IN_DRAM,8
611fa6f7,"Problem communicating with service card, ido chip: <*>:<*>:<*>. java.lang.IllegalStateException: while executing CONTROL Operation caught java.lang.RuntimeException: Communication error: (DirectIDo for com.ibm.ido.DirectIDo object <*> with image version <*> and card type <*>] is in state = COMMUNICATION_ERROR, sequenceNumberIsOk = false, ExpectedSequenceNumber = <*>, Reply Sequence Number = <*> timedOut = true, retries = <*>, timeout = <*>, Expected Op Command = <*>, Actual Op Reply = <*> Expected Sync Command = <*>, Actual Sync Reply = <*>",2
ce00c64a,Missing reverse cable: Cable <*> <*> E (J13) --> <*> <*> D (J15) is present BUT the reverse cable <*> <*> E (J05) --> <*> <*> D (J07) is missing,168
6e7bac80,idoproxydb hit ASSERT condition: ASSERT expression=!(nMsgLen > <*>) Source file=idomarshalerio.cpp Source line=<*> Function=int IdoMarshalerRecvBuffer::ReadBlock(IdoMsg::IdoMsgHdr*&),2
b52fdfa4,idoproxydb hit ASSERT condition: ASSERT expression=!(RecvMsgHdr.ulLen > <*>) Source file=idomarshalerio.cpp Source line=<*> Function=virtual int IdoMarshalerIo::RunRecv(),1
3f3c695a,MidplaneSwitchController::receiveTrain() iap failed: <*> <*> ec000000,166
b36aebf8,rts tree/torus link training failed: wanted: <*> C X+ X- Y+ Y- Z+ Z- got: <*> C <*> <*> <*> <*> <*>,214
2993ebab,rts tree/torus link training failed: wanted: C X+ X- Y+ Y- Z+ Z- got: C <*> <*> <*> <*>,18
a466848c,rts tree/torus link training failed: wanted: A B C X+ X- Y+ Y- Z+ Z- got: A <*> <*> <*> <*> <*> <*> <*>,171
46d35382,rts tree/torus link training failed: wanted: <*> C X+ X- Y+ Y- Z+ Z- got: <*> C <*> <*> <*> <*>,82
8c838cef,rts tree/torus link training failed: wanted: C X+ X- Y+ Y- Z+ Z- got: C <*> <*> <*> <*> <*>,54
aca8f388,rts tree/torus link training failed: wanted: A B C X+ X- Y+ Y- Z+ Z- got: <*> <*> <*> <*> <*> <*> <*>,46
7e88d7a8,rts tree/torus link training failed: wanted: A B C X+ X- Y+ Y- Z+ Z- got: <*> <*> <*> <*> <*> <*>,8
93f21d36,rts tree/torus link training failed: wanted: C X+ X- Y+ Y- Z+ Z- got: C X+ Y- Z-,2
db6a419d,rts tree/torus link training failed: wanted: <*> C X+ X- Y+ Y- Z+ Z- got: <*> C <*> <*> <*>,10
3b66e9ad,"ddr: Unable to steer rank=<*>, symbol=<*> - rank is already steering symbol <*>. Due to multiple symbols being over the correctable error threshold, consider replacing the card",197
74246be2,ciodb exited abnormally due to signal: Aborted,23
7c363edf,"ciod: Error loading <*> invalid or missing program image, Permission denied",43040
11b69b8b,ciod: generated <*> core files for program <*>,62484
130bb340,rts: kernel terminated for reason <*>,18587
f950b28a,rts: bad message header: cpu <*> invalid <*> <*> <*> <*> PSR0=<*> PSR1=<*> <*> PIXF=<*>,619
418245d5,rts: bad message header: packet index <*> greater than max <*> (softheader=<*> <*> <*> <*> <*> PSR1=<*> <*> PIXF=<*>,114
b8989539,rts: bad message header: index <*> greater than total <*> (softheader=<*> <*> <*> <*>) <*> PSR1=<*> <*> PIXF=<*>,238
03469fe3,rts: bad message header: expecting type <*> instead of type <*> <*> <*> <*> <*>) <*> PSR1=<*> <*> PIXF=<*>,1146
1f282241,kernel panic,18
12c722e9,external input interrupt (unit=<*> bit=<*>): 1M tree receiver <*> in resynch mode,1
2c4d7668,mmcs_db_server has been started: ./mmcs_db_server --useDatabase BGL --dbproperties <*> --iolog /bgl/BlueLight/logs/BGL --reconnect-blocks all --shutdown-timeout <*>,72
1b700d02,iar <*> dear <*>,442966
1ac0755d,"NFS Mount failed on <*> slept <*> seconds, retrying (<*>)",2670
eb299b60,CHECK_INITIAL_GLOBAL_INTERRUPT_VALUES,544
f80a5ed5,Lustre mount FAILED : <*> : point /p/gb1,26426
203e5034,mmcs_db_server has been started: ./mmcs_db_server --useDatabase BGL --dbproperties serverdb.properties --iolog /bgl/BlueLight/logs/BGL --reconnect-blocks all --no-reconnect-blocks,2
e49c0c8a,EndServiceAction <*> was performed upon <*> by <*>,4
810c7f78,external input interrupt (unit=<*> bit=<*>): tree header with no target waiting,1
a2a721e6,power module status fault detected on node card. status registers are: <*>/<*>/<*>/<*>,4
1f0f70bf,pro,1
a9c449d4,program,1
05588c1a,"Error getting detailed hw info for node, caught java.io.IOException: Problems with the chip, clear all resets",1
1c6b0b26,"Error getting detailed hw info for node, caught java.io.IOException: Problems with the chip, could not <*> <*> <*>",35
b949acc6,Node card status: no ALERTs are active. Clock Mode is Low. Clock Select is Midplane. Phy JTAG Reset is asserted. ASIC JTAG Reset is not asserted. Temperature Mask is not active. No temperature error. Temperature Limit Error Latch is clear. PGOOD IS NOT ASSERTED. PGOOD ERROR LATCH IS ACTIVE. MPGOOD IS NOT OK. MPGOOD ERROR LATCH IS ACTIVE. The <*>.<*> volt rail is OK. The <*>.<*> volt rail is OK.,227
63c56d56,Node card status: no ALERTs are active. Clock Mode is Low. Clock Select is Midplane. Phy JTAG Reset is asserted. ASIC JTAG Reset is not asserted. Temperature Mask is not active. No temperature error. Temperature Limit Error Latch is clear. PGOOD IS NOT ASSERTED. PGOOD ERROR LATCH IS ACTIVE. MPGOOD IS NOT OK. MPGOOD ERROR LATCH IS ACTIVE. THE <*>.<*> VOLT RAIL IS NOT OK. THE <*>.<*> VOLT RAIL IS NOT OK.,49
89238f20,Node card status: no ALERTs are active. Clock Mode is Low. Clock Select is Midplane. Phy JTAG Reset is asserted. ASIC JTAG Reset is not asserted. Temperature Mask is not active. No temperature error. Temperature Limit Error Latch is clear. PGOOD IS NOT ASSERTED. PGOOD ERROR LATCH IS ACTIVE. MPGOOD IS NOT OK. MPGOOD ERROR LATCH IS ACTIVE. The <*>.<*> volt rail is OK. THE <*>.<*> VOLT RAIL IS NOT OK.,3
786e2f4a,"Error sending packet on tree network, packet at address <*> is not aligned",5
996c9c62,data cache <*> parity error detected. attempting to correct,14006
e60185c5,"ddr: redundant bit steering failed, sequencer timeout",1
8cf62a1b,ddrSize == <*>*<*>*<*> || ddrSize == <*>*<*>*<*>,1
f86dec57,rts assertion failed: `personality->version == BGLPERSONALITY_VERSION' in `void start()' at start.cc:<*>,2
a4ae766d,L3 major internal error,3
c6d1ad79,"Error receiving packet on tree network, expecting type <*> instead of type <*> <*> <*> <*> <*>) <*> PSR1=<*> PRXF=<*> PIXF=<*>",6144
f9df8a24,ddr: activating redundant bit steering for next allocation: rank=<*> symbol=<*>,492
003d4580,L1 DCACHE summary averages: #ofDirtyLines: <*> out of <*> #ofDirtyDblWord: <*> out of <*>,3149
85aea8d2,No power module U58 found found on link card,6
3d0bb149,Temperature Over Limit on link card,972
68402bac,Link PGOOD error latched on link card,349
323161a1,Local PGOOD error latched on link card,4
1250f462,BGLMaster has been started: ./BGLMaster --consoleip <*>.<*>.<*>.<*> --consoleport <*> --configfile bglmaster.init --autorestart y --db2profile /u/bgdb2cli/sqllib/db2profile --dbproperties db.properties,31
18ad7153,"critical input interrupt (unit=<*> bit=<*>): warning for <*> <*> wire, suppressing further interrupts of same type",3546
a450c390,<*> tree receiver <*> in re-synch state event(s) (dcr <*>) detected over <*> seconds,3148
cfae5cde,<*> torus receiver <*> input pipe error(s) (dcr <*>) detected and corrected over <*> seconds,3512
30b3b946,"<*> ddr error(s) detected and corrected on rank <*>, symbol <*> over <*> seconds",10436
8df7ac9e,total of <*> ddr error(s) detected and corrected over <*> seconds,10415
26c05abc,<*> <*> <*> error(s) (dcr <*>) detected and corrected over <*> seconds,1515
d7623fbd,idoproxy communication failure: socket closed,41
76c30a22,Machine Check Status Register: <*>,56
1a3df0d1,Machine State Register: <*>,69
40663199,Core Configuration Register <*>: <*>,69
32b8ff1b,DDR failing info register: DDR Fail Info Register: <*>,29
fb225cd2,General Purpose Registers:,69
92e7abac,Special Purpose Registers:,68
35df2e69,lr=<*> cr=<*> xer=<*> ctr=<*>,68
a38f9838,msr=<*> dear=<*> esr=<*> fpscr=<*>,68
7732009b,dbcr0=<*> dbsr=<*> ccr0=<*>,68
d2d663fb,Floating Point Status and Control Register: <*>,68
7cc667ee,exception summary........................<*>,68
c0d9234e,enabled exception summary................<*>,68
ab24ea9f,invalid operation exception <*>,204
6854ff1c,overflow exception.......................<*>,68
880414ea,underflow exception......................<*>,68
75eb2f83,divide-by-zero exception.................<*>,68
38ce5534,inexact exception........................<*>,68
645e3a9c,invalid <*>,408
6f046d5d,fraction <*>,136
96a99a86,quiet NaN................................<*>,68
e663de76,minus <*>,136
de1bc002,minus normalized number..................<*>,68
c81e07e2,minus denormalized number................<*>,68
5995c4af,plus <*>,136
0315e48d,plus denormalized number.................<*>,68
05cb515f,plus normalized number...................<*>,68
61b90618,reserved.................................<*>,68
8aba64af,invalid operation exception (int cnvt)...<*>,68
b2212966,enable invalid operation exceptions......<*>,68
2925b8ba,enable overflow exceptions...............<*>,68
53b5af72,enable underflow exceptions..............<*>,68
f602fef9,enable divide-by-zero exceptions.........<*>,68
87ec1d73,enable inexact exceptions................<*>,68
37e503e8,enable non-IEEE mode.....................<*>,68
dda1b034,round nearest............................<*>,68
33f20330,round toward <*>,204
4f30947a,Floating Point Registers:,68
f9631383,"ciod: Received signal <*>, code=<*>, errno=<*>, address=<*>",39457
763751bb,"PrepareForService shutting down <*> <*> <*> <*> mIp(<*>.<*>.<*>.<*>), mType(<*>)) as part of Service Action <*>",715
5d90c7dc,Power Good signal deactivated: <*> A service action may be required.,94
43c21335,<*> torus <*> <*> <*> error(s) (dcr <*>) detected and corrected over <*> seconds,1049
f1193425,"ciod: Error reading message prefix on CioStream socket to <*>.<*>.<*>.<*>:<*>, <*> <*> <*> <*>",28802
89a0456f,EndServiceAction is restarting the <*> cards in Midplane <*> as part of Service Action <*>,51
9af836cf,Target=ido://FF:F2:9F:<*>:D5:<*>:<*>:0D:<*>:E9:2A:FE/JTAG/<*> Message=Invalid JtagId = ffffffff Run environmental monitor to diagnose possible hardware failure.,2
6470fb3a,"com.ibm.bgldevices.BulkPowerModule with VPD of com.ibm.bgldevices.BulkPowerModule$VpdReply: IBM Part Number: 53P5763, Vendor: Cherokee International, Vendor Serial Number: <*>, Assembly Revision: ",4
4c48a0b5,monitor caught java.lang.IllegalStateException: while executing CONTROL Operation caught java.io.EOFException and is stopping,1
0add6a8d,monitor caught java.lang.IllegalStateException: while executing <*> Operation caught java.net.SocketException: Broken pipe and is stopping,190
0e15108f,While reading FanModule caught java.lang.IllegalStateException: while executing I2C Operation caught java.net.SocketException: Broken pipe,8
448783a6,Hardware monitor caught java.lang.IllegalStateException: while executing I2C Operation caught java.net.SocketException: Broken pipe and is stopping,4
3bd60ac4,While setting fan speed caught java.lang.IllegalStateException: while executing I2C Operation caught java.lang.IllegalStateException: client not in a usable state because java.net.SocketException: Broken pipe,8
6ad579db,While reading FanModule caught java.lang.IllegalStateException: while executing I2C Operation caught java.lang.IllegalStateException: client not in a usable state because java.lang.IllegalStateException: client not in a usable state because java.net.SocketException: Broken pipe,8
7eceb839,While setting fan speed caught java.lang.IllegalStateException: while executing I2C Operation caught java.lang.IllegalStateException: client not in a usable state because java.lang.IllegalStateException: client not in a usable state because java.lang.IllegalStateException: client not in a usable state because java.net.SocketException: Broken pipe,8
06016ff1,While reading FanModule caught java.lang.IllegalStateException: while executing I2C Operation caught java.lang.IllegalStateException: client not in a usable state because java.lang.IllegalStateException: client not in a usable state because java.lang.IllegalStateException: client not in a usable state because java.lang.IllegalStateException: client not in a usable state because java.net.SocketException: Broken pipe,8
1351108b,While setting fan speed caught java.lang.IllegalStateException: while executing I2C Operation caught java.lang.IllegalStateException: client not in a usable state because java.lang.IllegalStateException: client not in a usable state because java.lang.IllegalStateException: client not in a usable state because java.lang.IllegalStateException: client not in a usable state because java.lang.IllegalStateException: client not in a usable state because java.net.SocketException: Broken pipe,7
3c2474aa,While reading FanModule caught java.lang.IllegalStateException: while executing I2C Operation caught java.lang.IllegalStateException: client not in a usable state because java.lang.IllegalStateException: client not in a usable state because java.lang.IllegalStateException: client not in a usable state because java.lang.IllegalStateException: client not in a usable state because java.lang.IllegalStateException: client not in a usable state because java.lang.IllegalStateException: client not in a usable state because java.net.SocketException: Broken pipe,7
dbf8e212,While setting fan speed caught java.lang.IllegalStateException: while executing I2C Operation caught java.lang.IllegalStateException: client not in a usable state because java.lang.IllegalStateException: client not in a usable state because java.lang.IllegalStateException: client not in a usable state because java.lang.IllegalStateException: client not in a usable state because java.lang.IllegalStateException: client not in a usable state because java.lang.IllegalStateException: client not in a usable state because java.lang.IllegalStateException: client not in a usable state because java.net.SocketException: Broken pipe,5
6894da54,While reading FanModule caught java.lang.IllegalStateException: while executing I2C Operation caught java.lang.IllegalStateException: client not in a usable state because java.lang.IllegalStateException: client not in a usable state because java.lang.IllegalStateException: client not in a usable state because java.lang.IllegalStateException: client not in a usable state because java.lang.IllegalStateException: client not in a usable state because java.lang.IllegalStateException: client not in a usable state because java.lang.IllegalStateException: client not in a usable state because java.lang.IllegalStateException: client not in a usable state because java.net.SocketException: Broken pipe,5
ab8e8484,While setting fan speed caught java.lang.IllegalStateException: while executing I2C Operation caught java.lang.IllegalStateException: client not in a usable state because java.lang.IllegalStateException: client not in a usable state because java.lang.IllegalStateException: client not in a usable state because java.lang.IllegalStateException: client not in a usable state because java.lang.IllegalStateException: client not in a usable state because java.lang.IllegalStateException: client not in a usable state because java.lang.IllegalStateException: client not in a usable state because java.lang.IllegalStateException: client not in a usable state because java.lang.IllegalStateException: client not in a usable state because java.net.SocketException: Broken pipe,3
6fecc16a,While reading FanModule caught java.lang.IllegalStateException: while executing I2C Operation caught java.lang.IllegalStateException: client not in a usable state because java.lang.IllegalStateException: client not in a usable state because java.lang.IllegalStateException: client not in a usable state because java.lang.IllegalStateException: client not in a usable state because java.lang.IllegalStateException: client not in a usable state because java.lang.IllegalStateException: client not in a usable state because java.lang.IllegalStateException: client not in a usable state because java.lang.IllegalStateException: client not in a usable state because java.lang.IllegalStateException: client not in a usable state because java.lang.IllegalStateException: client not in a usable state because java.net.SocketException: Broken pipe,3
383c6cb8,Hardware monitor caught java.net.SocketException: Broken pipe and is stopping,77
058871d3,"ciod: Error loading -mode VN: invalid or missing program image, No such file or directory",1024
f4182236,MACHINE CHECK <*> <*> <*> <*> iar <*> lr <*>),14482
cb4865fd,"ciod: Error reading message prefix on CioStream socket to <*>.<*>.<*>.<*>:<*>, Connection timed out",1991
8ef42a09,Exception Syndrome Register: <*>,4
ea54fb07,mmcs_db_server has been started: ./mmcs_db_server --useDatabase BGL --dbproperties db.properties --iolog /bgl/BlueLight/logs/BGL --reconnect-blocks all --shutdown-timeout <*> --shutdown-timeout <*>,18
20aacc26,idoproxy communication failure: BGLERR_IDO_PKT_TIMEOUT connection lost to node/link/service card,2
e86e95d8,ciod: In packet from node <*>.<*> <*> message still ready for node <*> <*> <*> <*> <*>),2
6177c982,machine check interrupt (bit=<*>): L2 dcache unit <*> <*> parity error,23
44dcb2c7,MidplaneSwitchController::clearPort() bll_clear_port failed: R63-M0-L0-U19-A,2
87ec27cc,ciod: Error creating node map from file my_map.txt: No such file or directory,24
322228ab,<*> microseconds spent in the rbs signal handler during <*> calls. <*> microseconds was the maximum time for a single instance of a correctable ddr.,135092
0045c3a8,"<*> total interrupts. <*> critical input interrupts. <*> microseconds total spent on critical input interrupts, <*> microseconds max time in a critical input interrupt.",135092
a325330f,instance of a correctable ddr. RAS KERNEL INFO <*> microseconds spent in the rbs signal handler during <*> calls. <*> microseconds was the maximum time for a single instance of a correctable ddr.,4
3f7f233d,"max time in a cr RAS KERNEL INFO <*> total interrupts. <*> critical input interrupts. <*> microseconds total spent on critical input interrupts, <*> microseconds max time in a critical input interrupt.",4
9e9164b0,"external input interrupt (unit=<*> bit=<*>): number of corrected SRAM errors has exceeded threshold, suppressing further interrupts of same type",57
3d526018,ddr: Suppressing further CE interrupts,302
93d7d8a9,instruction TLB error interrupt,1
8ddc7b2c,"Kernel detected <*> integer alignment exceptions (<*>) iar <*>, dear <*> (<*>) iar <*>, dear <*> (<*>) iar <*>, dear <*> (<*>) iar <*>, dear <*> (<*>) iar <*>, dear <*> (<*>) iar <*>, dear <*> (<*>) iar <*>, dear <*> (<*>) iar <*>, dear <*>",22175
6cff3aff,"dear <*> (<*> RAS KERNEL INFO Kernel detected <*> integer alignment exceptions (<*>) iar <*>, dear <*> (<*>) iar <*>, dear <*> (<*>) iar <*>, dear <*> (<*>) iar <*>, dear <*> (<*>) iar <*>, dear <*> (<*>) iar <*>, dear <*> (<*>) iar <*>, dear <*> (<*>) iar <*>, dear <*>",2
3883c56a,ciod: Error loading /p/gb1/light3/sppm_chkpt/sppm: not a CNK program image,1024
a5d6b25d,"Error receiving packet on tree network, packet index <*> greater than max <*> (softheader=<*> <*> 0008882c <*>) PSR0=00006f06 PSR1=<*> PRXF=<*> PIXF=<*>",1
28fabf43,"rts assertion failed: `vaddr % PAGE_SIZE_1M == <*>' in `int initializeAppMemory(int, TLBEntry&, unsigned int, unsigned int)' at mmu.cc:<*>",1
2a86c18d,"ciod: for node <*>, incomplete data written to core file core.<*>",38
